DROP TABLE CATEGORYS;
DROP TABLE MODBUS_PLCS;
DROP TABLE MODBUS_DIGITAL;

--Initial

CREATE TABLE CATEGORYS (ID INT PRIMARY KEY, NAME VARCHAR(100) UNIQUE);

CREATE TABLE MODBUS_PLCS (ID INT PRIMARY KEY, NAME VARCHAR(100) UNIQUE, IP VARCHAR(100) UNIQUE, PORT INT);

CREATE TABLE MODBUS_DIGITAL (ID INT PRIMARY KEY, NAME VARCHAR(100), DESCRIPTION VARCHAR(200), CATEGORY INT NOT NULL, PLC INT NOT NULL, MODBUSADDR INT);
ALTER TABLE MODBUS_DIGITAL ADD CONSTRAINT MODBUS_ID_CATEGORYS FOREIGN KEY (CATEGORY) REFERENCES CATEGORYS(ID);
ALTER TABLE MODBUS_DIGITAL ADD CONSTRAINT MODBUS_ID_PLCS FOREIGN KEY (PLC) REFERENCES MODBUS_PLCS(ID);

-- Wago Starterkit! INSERT INTO MODBUS_PLCS (ID , NAME, IP, PORT) VALUES (1, 'Wago Starterkit', '192.168.1.55', 502);

--Initialisierung HPC

INSERT INTO MODBUS_PLCS (ID , NAME, IP, PORT) VALUES (1, 'HV2', '10.1.220.2', 502);

--UV1
INSERT INTO MODBUS_PLCS (ID , NAME, IP, PORT) VALUES (2, 'UV1', '10.1.220.3', 502);

INSERT INTO CATEGORYS (ID , NAME) VALUES (1, 'Archiv 1');
INSERT INTO CATEGORYS (ID , NAME) VALUES (2, 'Archiv 2');
INSERT INTO CATEGORYS (ID , NAME) VALUES (3, 'Büro 1 (-1)');
INSERT INTO CATEGORYS (ID , NAME) VALUES (4, 'Büro 2 (-1)');
INSERT INTO CATEGORYS (ID , NAME) VALUES (5, 'Reinigungsraum');
INSERT INTO CATEGORYS (ID , NAME) VALUES (6, 'Lager');
INSERT INTO CATEGORYS (ID , NAME) VALUES (7, 'Flur (-1)');
INSERT INTO CATEGORYS (ID , NAME) VALUES (8, 'Treppenhaus');

INSERT INTO MODBUS_DIGITAL (ID, NAME, DESCRIPTION, CATEGORY, PLC, MODBUSADDR) VALUES (1, '%MX2.0', '(Raum -1.01)', 1, 2, 12320);
INSERT INTO MODBUS_DIGITAL (ID, NAME, DESCRIPTION, CATEGORY, PLC, MODBUSADDR) VALUES (2, '%MX2.1', '(Raum -1.02) Gruppe 1', 3, 2, 12321);
INSERT INTO MODBUS_DIGITAL (ID, NAME, DESCRIPTION, CATEGORY, PLC, MODBUSADDR) VALUES (3, '%MX2.2', '(Raum -1.02) Gruppe 2', 3, 2, 12322); 
INSERT INTO MODBUS_DIGITAL (ID, NAME, DESCRIPTION, CATEGORY, PLC, MODBUSADDR) VALUES (4, '%MX2.3', '(Raum -1.03) Gruppe 1', 4, 2, 12323);
INSERT INTO MODBUS_DIGITAL (ID, NAME, DESCRIPTION, CATEGORY, PLC, MODBUSADDR) VALUES (5, '%MX2.4', '(Raum -1.03) Gruppe 2', 4, 2, 12324);
INSERT INTO MODBUS_DIGITAL (ID, NAME, DESCRIPTION, CATEGORY, PLC, MODBUSADDR) VALUES (6, '%MX2.5', '(Raum -1.03) Gruppe 3', 4, 2, 12325);
INSERT INTO MODBUS_DIGITAL (ID, NAME, DESCRIPTION, CATEGORY, PLC, MODBUSADDR) VALUES (7, '%MX2.6', '(Raum -1.03) Gruppe 4', 4, 2, 12326);
INSERT INTO MODBUS_DIGITAL (ID, NAME, DESCRIPTION, CATEGORY, PLC, MODBUSADDR) VALUES (8, '%MX2.7', '(Raum -1.04)', 2, 2, 12327);
INSERT INTO MODBUS_DIGITAL (ID, NAME, DESCRIPTION, CATEGORY, PLC, MODBUSADDR) VALUES (9, '%MX3.0', 'Rinigungsraum', 5, 2, 12336);
INSERT INTO MODBUS_DIGITAL (ID, NAME, DESCRIPTION, CATEGORY, PLC, MODBUSADDR) VALUES (10, '%MX3.1', '(Raum -1.06)', 6, 2, 12337);
INSERT INTO MODBUS_DIGITAL (ID, NAME, DESCRIPTION, CATEGORY, PLC, MODBUSADDR) VALUES (11, '%MX3.2', '(Raum -1.07)', 7, 2, 12338);
INSERT INTO MODBUS_DIGITAL (ID, NAME, DESCRIPTION, CATEGORY, PLC, MODBUSADDR) VALUES (12, '%MX3.3', 'Treppenhaus', 8, 2, 12339);

--UV2
INSERT INTO MODBUS_PLCS (ID , NAME, IP, PORT) VALUES (3, 'UV2', '10.1.220.4', 502);

INSERT INTO CATEGORYS (ID , NAME) VALUES (9, 'Sekretariat');
INSERT INTO CATEGORYS (ID , NAME) VALUES (10, 'Gl 1');
INSERT INTO CATEGORYS (ID , NAME) VALUES (11, 'Gl 2');
INSERT INTO CATEGORYS (ID , NAME) VALUES (12, 'Gl 3');
INSERT INTO CATEGORYS (ID , NAME) VALUES (13, 'Kopierraum');
INSERT INTO CATEGORYS (ID , NAME) VALUES (14, 'Beratungsraum');
INSERT INTO CATEGORYS (ID , NAME) VALUES (15, 'Windfang');
INSERT INTO CATEGORYS (ID , NAME) VALUES (16, 'Flur (0)');
INSERT INTO CATEGORYS (ID , NAME) VALUES (17, 'Eingang');

INSERT INTO MODBUS_DIGITAL (ID, NAME, DESCRIPTION, CATEGORY, PLC, MODBUSADDR) VALUES (13, '%MX2.0', '(Raum 0.01) Gruppe 1', 9, 3, 12320);
INSERT INTO MODBUS_DIGITAL (ID, NAME, DESCRIPTION, CATEGORY, PLC, MODBUSADDR) VALUES (14, '%MX2.1', '(Raum 0.01) Gruppe 2', 9, 3, 12321);
INSERT INTO MODBUS_DIGITAL (ID, NAME, DESCRIPTION, CATEGORY, PLC, MODBUSADDR) VALUES (15, '%MX2.2', '(Raum 0.01) Gruppe 3', 9, 3, 12322);
INSERT INTO MODBUS_DIGITAL (ID, NAME, DESCRIPTION, CATEGORY, PLC, MODBUSADDR) VALUES (16, '%MX2.3', '(Raum 0.02) Gruppe 1', 10, 3, 12323);
INSERT INTO MODBUS_DIGITAL (ID, NAME, DESCRIPTION, CATEGORY, PLC, MODBUSADDR) VALUES (17, '%MX2.4', '(Raum 0.02) Gruppe 2', 10, 3, 12324);
INSERT INTO MODBUS_DIGITAL (ID, NAME, DESCRIPTION, CATEGORY, PLC, MODBUSADDR) VALUES (18, '%MX2.6', '(Raum 0.04) Gruppe 1', 11, 3, 12326);
INSERT INTO MODBUS_DIGITAL (ID, NAME, DESCRIPTION, CATEGORY, PLC, MODBUSADDR) VALUES (19, '%MX2.7', '(Raum 0.04) Gruppe 2', 11, 3, 12327);
INSERT INTO MODBUS_DIGITAL (ID, NAME, DESCRIPTION, CATEGORY, PLC, MODBUSADDR) VALUES (20, '%MX3.0', '(Raum 0.05) Gruppe 1', 12, 3, 12336);
INSERT INTO MODBUS_DIGITAL (ID, NAME, DESCRIPTION, CATEGORY, PLC, MODBUSADDR) VALUES (21, '%MX3.1', '(Raum 0.05) Gruppe 2', 12, 3, 12337);
INSERT INTO MODBUS_DIGITAL (ID, NAME, DESCRIPTION, CATEGORY, PLC, MODBUSADDR) VALUES (22, '%MX2.5', '(Raum 0.03)', 13, 3, 12325);
INSERT INTO MODBUS_DIGITAL (ID, NAME, DESCRIPTION, CATEGORY, PLC, MODBUSADDR) VALUES (23, '%MX3.2', '(Raum 0.06) Gruppe 1', 14, 3, 12338);
INSERT INTO MODBUS_DIGITAL (ID, NAME, DESCRIPTION, CATEGORY, PLC, MODBUSADDR) VALUES (24, '%MX3.3', '(Raum 0.06) Gruppe 2', 14, 3, 12339);
INSERT INTO MODBUS_DIGITAL (ID, NAME, DESCRIPTION, CATEGORY, PLC, MODBUSADDR) VALUES (25, '%MX3.4', '(Raum 0.06) Gruppe 3', 14, 3, 12340);
INSERT INTO MODBUS_DIGITAL (ID, NAME, DESCRIPTION, CATEGORY, PLC, MODBUSADDR) VALUES (26, '%MX3.5', '(Raum 0.18)', 15, 3, 12341);
INSERT INTO MODBUS_DIGITAL (ID, NAME, DESCRIPTION, CATEGORY, PLC, MODBUSADDR) VALUES (27, '%MX3.6', '(Raum 0.19)', 16, 3, 12342);
INSERT INTO MODBUS_DIGITAL (ID, NAME, DESCRIPTION, CATEGORY, PLC, MODBUSADDR) VALUES (28, '%MX3.7', 'Eingang', 17, 3, 12343);

--UV3
INSERT INTO MODBUS_PLCS (ID , NAME, IP, PORT) VALUES (4, 'UV3', '10.1.220.5', 502);

INSERT INTO CATEGORYS (ID , NAME) VALUES (18, 'Büro 1 (1)');
INSERT INTO CATEGORYS (ID , NAME) VALUES (19, 'Büro 2 (1)');
INSERT INTO CATEGORYS (ID , NAME) VALUES (20, 'Büro 3 (1)');
INSERT INTO CATEGORYS (ID , NAME) VALUES (21, 'Kon-E');
INSERT INTO CATEGORYS (ID , NAME) VALUES (22, 'WC-Damen');
INSERT INTO CATEGORYS (ID , NAME) VALUES (23, 'WC-Herren');
INSERT INTO CATEGORYS (ID , NAME) VALUES (24, 'Flur (1)');
INSERT INTO CATEGORYS (ID , NAME) VALUES (25, 'Aussenwerbung');

INSERT INTO MODBUS_DIGITAL (ID, NAME, DESCRIPTION, CATEGORY, PLC, MODBUSADDR) VALUES (29, '%MX2.0', '(Raum 1.01) Gruppe 1', 18, 4, 12320);
INSERT INTO MODBUS_DIGITAL (ID, NAME, DESCRIPTION, CATEGORY, PLC, MODBUSADDR) VALUES (30, '%MX2.1', '(Raum 1.01) Gruppe 2', 18, 4, 12321);
INSERT INTO MODBUS_DIGITAL (ID, NAME, DESCRIPTION, CATEGORY, PLC, MODBUSADDR) VALUES (31, '%MX2.2', '(Raum 1.02) Gruppe 1', 19, 4, 12322);
INSERT INTO MODBUS_DIGITAL (ID, NAME, DESCRIPTION, CATEGORY, PLC, MODBUSADDR) VALUES (32, '%MX2.3', '(Raum 1.02) Gruppe 2', 19, 4, 12323);
INSERT INTO MODBUS_DIGITAL (ID, NAME, DESCRIPTION, CATEGORY, PLC, MODBUSADDR) VALUES (33, '%MX2.4', '(Raum 1.03) Gruppe 1', 20, 4, 12324);
INSERT INTO MODBUS_DIGITAL (ID, NAME, DESCRIPTION, CATEGORY, PLC, MODBUSADDR) VALUES (34, '%MX2.5', '(Raum 1.03) Gruppe 2', 20, 4, 12325);
INSERT INTO MODBUS_DIGITAL (ID, NAME, DESCRIPTION, CATEGORY, PLC, MODBUSADDR) VALUES (35, '%MX2.6', '(Raum 1.03) Gruppe 3', 20, 4, 12326);
INSERT INTO MODBUS_DIGITAL (ID, NAME, DESCRIPTION, CATEGORY, PLC, MODBUSADDR) VALUES (36, '%MX2.7', '(Raum 1.03) Gruppe 4', 20, 4, 12327);
INSERT INTO MODBUS_DIGITAL (ID, NAME, DESCRIPTION, CATEGORY, PLC, MODBUSADDR) VALUES (37, '%MX3.0', '(Raum 1.04) Gruppe 1', 21, 4, 12336);
INSERT INTO MODBUS_DIGITAL (ID, NAME, DESCRIPTION, CATEGORY, PLC, MODBUSADDR) VALUES (38, '%MX3.1', '(Raum 1.04) Gruppe 2', 21, 4, 12337);
INSERT INTO MODBUS_DIGITAL (ID, NAME, DESCRIPTION, CATEGORY, PLC, MODBUSADDR) VALUES (39, '%MX3.2', '(Raum 1.11)', 22, 4, 12338);
INSERT INTO MODBUS_DIGITAL (ID, NAME, DESCRIPTION, CATEGORY, PLC, MODBUSADDR) VALUES (40, '%MX3.3', '(Raum 1.12)', 23, 4, 12339);
INSERT INTO MODBUS_DIGITAL (ID, NAME, DESCRIPTION, CATEGORY, PLC, MODBUSADDR) VALUES (41, '%MX3.4', '(Raum 1.13)', 24, 4, 12340);
INSERT INTO MODBUS_DIGITAL (ID, NAME, DESCRIPTION, CATEGORY, PLC, MODBUSADDR) VALUES (42, '%MX3.5', 'Aussenwerbung', 25, 4, 12341);


--UV4
INSERT INTO MODBUS_PLCS (ID , NAME, IP, PORT) VALUES (5, 'UV4', '10.1.220.6', 502);

INSERT INTO CATEGORYS (ID , NAME) VALUES (26, 'Oberlicht 1');
INSERT INTO CATEGORYS (ID , NAME) VALUES (27, 'Oberlicht 2');
INSERT INTO CATEGORYS (ID , NAME) VALUES (28, 'Halle 1');

INSERT INTO MODBUS_DIGITAL (ID, NAME, DESCRIPTION, CATEGORY, PLC, MODBUSADDR) VALUES (43, '%MX0.4', 'Halle Auf', 26, 5, 12292);
INSERT INTO MODBUS_DIGITAL (ID, NAME, DESCRIPTION, CATEGORY, PLC, MODBUSADDR) VALUES (44, '%MX0.5', 'Halle Zu', 26, 5, 12293);

INSERT INTO MODBUS_DIGITAL (ID, NAME, DESCRIPTION, CATEGORY, PLC, MODBUSADDR) VALUES (45, '%MX0.6', 'Halle Auf', 27, 5, 12294);
INSERT INTO MODBUS_DIGITAL (ID, NAME, DESCRIPTION, CATEGORY, PLC, MODBUSADDR) VALUES (46, '%MX0.7', 'Halle Zu', 27, 5, 12295);

INSERT INTO MODBUS_DIGITAL (ID, NAME, DESCRIPTION, CATEGORY, PLC, MODBUSADDR) VALUES (47, '%MX1.0', 'Gruppe 1', 28, 5, 12304);
INSERT INTO MODBUS_DIGITAL (ID, NAME, DESCRIPTION, CATEGORY, PLC, MODBUSADDR) VALUES (48, '%MX1.1', 'Gruppe 2', 28, 5, 12305);
INSERT INTO MODBUS_DIGITAL (ID, NAME, DESCRIPTION, CATEGORY, PLC, MODBUSADDR) VALUES (49, '%MX1.2', 'Gruppe 3', 28, 5, 12306);
INSERT INTO MODBUS_DIGITAL (ID, NAME, DESCRIPTION, CATEGORY, PLC, MODBUSADDR) VALUES (50, '%MX1.3', 'Gruppe 4', 28, 5, 12307);
INSERT INTO MODBUS_DIGITAL (ID, NAME, DESCRIPTION, CATEGORY, PLC, MODBUSADDR) VALUES (51, '%MX1.4', 'Durchgangsbeleuchtung', 28, 5, 12308);
INSERT INTO MODBUS_DIGITAL (ID, NAME, DESCRIPTION, CATEGORY, PLC, MODBUSADDR) VALUES (52, '%MX1.5', 'Aussenleuchte Tor Nord', 28, 5, 12309);
INSERT INTO MODBUS_DIGITAL (ID, NAME, DESCRIPTION, CATEGORY, PLC, MODBUSADDR) VALUES (53, '%MX1.6', 'Aussenleuchte Tor Süd', 28, 5, 12310);
INSERT INTO MODBUS_DIGITAL (ID, NAME, DESCRIPTION, CATEGORY, PLC, MODBUSADDR) VALUES (54, '%MX1.7', 'Aussenleuchte Eingang', 28, 5, 12311);

